date,geoid,county,state,cases,cases_avg,cases_avg_per_100k,deaths,deaths_avg,deaths_avg_per_100k
2020-01-26,USA-06037,Los Angeles,California,1,0.14,0.0,0,0.0,0.0
2020-01-27,USA-06037,Los Angeles,California,0,0.14,0.0,0,0.0,0.0
2020-01-28,USA-06037,Los Angeles,California,0,0.14,0.0,0,0.0,0.0
2020-01-29,USA-06037,Los Angeles,California,0,0.14,0.0,0,0.0,0.0
2020-01-30,USA-06037,Los Angeles,California,0,0.14,0.0,0,0.0,0.0
2020-01-31,USA-06037,Los Angeles,California,0,0.14,0.0,0,0.0,0.0
2020-02-01,USA-06037,Los Angeles,California,0,0.14,0.0,0,0.0,0.0
2020-02-02,USA-06037,Los Angeles,California,0,0.14,0.0,0,0.0,0.0
2020-02-03,USA-06037,Los Angeles,California,0,0.14,0.0,0,0.0,0.0
2020-02-04,USA-06037,Los Angeles,California,0,0.14,0.0,0,0.0,0.0
2020-02-05,USA-06037,Los Angeles,California,0,0.14,0.0,0,0.0,0.0
2020-02-06,USA-06037,Los Angeles,California,0,0.14,0.0,0,0.0,0.0
2020-02-07,USA-06037,Los Angeles,California,0,0.14,0.0,0,0.0,0.0
2020-02-08,USA-06037,Los Angeles,California,0,0.14,0.0,0,0.0,0.0
2020-02-09,USA-06037,Los Angeles,California,0,0.0,0.0,0,0.0,0.0
2020-02-10,USA-06037,Los Angeles,California,0,0.0,0.0,0,0.0,0.0
2020-02-11,USA-06037,Los Angeles,California,0,0.0,0.0,0,0.0,0.0
2020-02-12,USA-06037,Los Angeles,California,0,0.0,0.0,0,0.0,0.0
2020-02-13,USA-06037,Los Angeles,California,0,0.0,0.0,0,0.0,0.0
2020-02-14,USA-06037,Los Angeles,California,0,0.0,0.0,0,0.0,0.0
2020-02-15,USA-06037,Los Angeles,California,0,0.0,0.0,0,0.0,0.0
2020-02-16,USA-06037,Los Angeles,California,0,0.0,0.0,0,0.0,0.0
2020-02-17,USA-06037,Los Angeles,California,0,0.0,0.0,0,0.0,0.0
2020-02-18,USA-06037,Los Angeles,California,0,0.0,0.0,0,0.0,0.0
2020-02-19,USA-06037,Los Angeles,California,0,0.0,0.0,0,0.0,0.0
2020-02-20,USA-06037,Los Angeles,California,0,0.0,0.0,0,0.0,0.0
2020-02-21,USA-06037,Los Angeles,California,0,0.0,0.0,0,0.0,0.0
2020-02-22,USA-06037,Los Angeles,California,0,0.0,0.0,0,0.0,0.0
2020-02-23,USA-06037,Los Angeles,California,0,0.0,0.0,0,0.0,0.0
2020-02-24,USA-06037,Los Angeles,California,0,0.0,0.0,0,0.0,0.0
2020-02-25,USA-06037,Los Angeles,California,0,0.0,0.0,0,0.0,0.0
2020-02-26,USA-06037,Los Angeles,California,0,0.0,0.0,0,0.0,0.0
2020-02-27,USA-06037,Los Angeles,California,0,0.0,0.0,0,0.0,0.0
2020-02-28,USA-06037,Los Angeles,California,0,0.0,0.0,0,0.0,0.0
2020-02-29,USA-06037,Los Angeles,California,0,0.0,0.0,0,0.0,0.0
2020-03-01,USA-06037,Los Angeles,California,0,0.0,0.0,0,0.0,0.0
2020-03-02,USA-06037,Los Angeles,California,0,0.0,0.0,0,0.0,0.0
2020-03-03,USA-06037,Los Angeles,California,0,0.0,0.0,0,0.0,0.0
2020-03-04,USA-06037,Los Angeles,California,6,0.6,0.01,0,0.0,0.0
2020-03-05,USA-06037,Los Angeles,California,4,0.91,0.01,0,0.0,0.0
2020-03-06,USA-06037,Los Angeles,California,2,1.0,0.01,0,0.0,0.0
2020-03-07,USA-06037,Los Angeles,California,1,1.0,0.01,0,0.0,0.0
2020-03-08,USA-06037,Los Angeles,California,0,1.0,0.01,0,0.0,0.0
2020-03-09,USA-06037,Los Angeles,California,5,1.2,0.01,0,0.0,0.0
2020-03-10,USA-06037,Los Angeles,California,1,1.19,0.01,0,0.0,0.0
2020-03-11,USA-06037,Los Angeles,California,8,3.0,0.03,1,0.14,0.0
2020-03-12,USA-06037,Los Angeles,California,4,3.0,0.03,0,0.14,0.0
2020-03-13,USA-06037,Los Angeles,California,8,3.86,0.04,0,0.14,0.0
2020-03-14,USA-06037,Los Angeles,California,13,5.57,0.06,0,0.14,0.0
2020-03-15,USA-06037,Los Angeles,California,16,6.88,0.07,0,0.14,0.0
2020-03-16,USA-06037,Los Angeles,California,25,10.71,0.11,0,0.14,0.0
2020-03-17,USA-06037,Los Angeles,California,50,17.71,0.18,0,0.14,0.0
2020-03-18,USA-06037,Los Angeles,California,46,23.14,0.23,0,0.14,0.0
2020-03-19,USA-06037,Los Angeles,California,41,28.43,0.28,1,0.13,0.0
2020-03-20,USA-06037,Los Angeles,California,61,36.0,0.36,0,0.13,0.0
2020-03-21,USA-06037,Los Angeles,California,59,42.57,0.42,2,0.3,0.0
2020-03-22,USA-06037,Los Angeles,California,70,50.29,0.5,1,0.36,0.0
2020-03-23,USA-06037,Los Angeles,California,115,63.14,0.63,2,0.5,0.0
2020-03-24,USA-06037,Los Angeles,California,126,74.0,0.74,4,0.77,0.01
2020-03-25,USA-06037,Los Angeles,California,137,87.0,0.87,2,0.86,0.01
2020-03-26,USA-06037,Los Angeles,California,417,140.71,1.4,8,2.71,0.03
2020-03-27,USA-06037,Los Angeles,California,249,167.57,1.67,6,3.13,0.03
2020-03-28,USA-06037,Los Angeles,California,339,207.57,2.07,6,4.14,0.04
2020-03-29,USA-06037,Los Angeles,California,332,245.0,2.44,4,4.57,0.05
2020-03-30,USA-06037,Los Angeles,California,338,276.86,2.76,7,5.29,0.05
2020-03-31,USA-06037,Los Angeles,California,537,335.57,3.34,10,6.14,0.06
2020-04-01,USA-06037,Los Angeles,California,507,388.43,3.87,11,7.43,0.07
2020-04-02,USA-06037,Los Angeles,California,527,404.14,4.03,13,8.14,0.08
2020-04-03,USA-06037,Los Angeles,California,521,443.0,4.41,11,8.86,0.09
2020-04-04,USA-06037,Los Angeles,California,711,496.14,4.94,28,12.0,0.12
2020-04-05,USA-06037,Los Angeles,California,663,543.43,5.41,15,13.57,0.14
2020-04-06,USA-06037,Los Angeles,California,420,555.14,5.53,15,14.71,0.15
2020-04-07,USA-06037,Los Angeles,California,550,557.0,5.55,22,16.43,0.16
2020-04-08,USA-06037,Los Angeles,California,620,573.14,5.71,29,19.0,0.19
2020-04-09,USA-06037,Los Angeles,California,425,558.57,5.56,25,20.71,0.21
2020-04-10,USA-06037,Los Angeles,California,475,552.0,5.5,18,21.71,0.22
2020-04-11,USA-06037,Los Angeles,California,443,513.71,5.12,24,21.14,0.21
2020-04-12,USA-06037,Los Angeles,California,319,464.57,4.63,31,23.43,0.23
2020-04-13,USA-06037,Los Angeles,California,228,437.14,4.35,24,24.71,0.25
2020-04-14,USA-06037,Los Angeles,California,627,448.14,4.46,40,27.29,0.27
2020-04-15,USA-06037,Los Angeles,California,449,423.71,4.22,42,29.14,0.29
2020-04-16,USA-06037,Los Angeles,California,358,414.14,4.13,53,33.14,0.33
2020-04-17,USA-06037,Los Angeles,California,537,423.0,4.21,40,36.29,0.36
2020-04-18,USA-06037,Los Angeles,California,630,449.71,4.48,81,44.43,0.44
2020-04-19,USA-06037,Los Angeles,California,320,449.86,4.48,24,43.43,0.43
2020-04-20,USA-06037,Los Angeles,California,1475,628.0,6.26,17,42.43,0.42
2020-04-21,USA-06037,Los Angeles,California,1324,727.57,7.25,46,43.29,0.43
2020-04-22,USA-06037,Los Angeles,California,1295,848.43,8.45,66,46.71,0.47
2020-04-23,USA-06037,Los Angeles,California,1073,950.57,9.47,68,48.86,0.49
2020-04-24,USA-06037,Los Angeles,California,1037,1022.0,10.18,53,50.71,0.51
2020-04-25,USA-06037,Los Angeles,California,562,1012.29,10.08,45,45.57,0.45
2020-04-26,USA-06037,Los Angeles,California,421,1026.71,10.23,18,44.71,0.45
2020-04-27,USA-06037,Los Angeles,California,889,943.0,9.39,29,46.43,0.46
2020-04-28,USA-06037,Los Angeles,California,559,833.71,8.3,58,48.14,0.48
2020-04-29,USA-06037,Los Angeles,California,1509,864.29,8.61,56,46.71,0.47
2020-04-30,USA-06037,Los Angeles,California,697,810.57,8.07,55,44.86,0.45
2020-05-01,USA-06037,Los Angeles,California,1033,810.0,8.07,61,46.0,0.46
2020-05-02,USA-06037,Los Angeles,California,679,826.71,8.23,37,44.86,0.45
2020-05-03,USA-06037,Los Angeles,California,768,876.29,8.73,20,45.14,0.45
2020-05-04,USA-06037,Los Angeles,California,555,828.57,8.25,27,44.86,0.45
2020-05-05,USA-06037,Los Angeles,California,1598,977.0,9.73,57,44.71,0.45
2020-05-06,USA-06037,Los Angeles,California,829,879.86,8.76,54,44.43,0.44
2020-05-07,USA-06037,Los Angeles,California,783,892.14,8.89,51,43.86,0.44
2020-05-08,USA-06037,Los Angeles,California,869,868.71,8.65,50,42.29,0.42
2020-05-09,USA-06037,Los Angeles,California,901,900.43,8.97,44,43.29,0.43
2020-05-10,USA-06037,Los Angeles,California,480,859.29,8.56,18,43.0,0.43
2020-05-11,USA-06037,Los Angeles,California,581,863.0,8.6,39,44.71,0.45
2020-05-12,USA-06037,Los Angeles,California,922,766.43,7.63,44,42.86,0.43
2020-05-13,USA-06037,Los Angeles,California,1248,826.29,8.23,46,41.71,0.42
2020-05-14,USA-06037,Los Angeles,California,901,843.14,8.4,0,41.71,0.42
2020-05-15,USA-06037,Los Angeles,California,930,851.86,8.49,96,41.0,0.41
2020-05-16,USA-06037,Los Angeles,California,1044,872.29,8.69,38,40.14,0.4
2020-05-17,USA-06037,Los Angeles,California,671,899.57,8.96,28,41.57,0.41
2020-05-18,USA-06037,Los Angeles,California,477,884.71,8.81,18,38.57,0.38
2020-05-19,USA-06037,Los Angeles,California,1122,913.29,9.1,74,42.86,0.43
2020-05-20,USA-06037,Los Angeles,California,1284,918.43,9.15,57,44.43,0.44
2020-05-21,USA-06037,Los Angeles,California,1180,958.29,9.55,46,44.63,0.44
2020-05-22,USA-06037,Los Angeles,California,1015,970.43,9.67,33,42.0,0.42
2020-05-23,USA-06037,Los Angeles,California,1003,964.57,9.61,41,42.43,0.42
2020-05-24,USA-06037,Los Angeles,California,933,1002.0,9.98,14,40.43,0.4
2020-05-25,USA-06037,Los Angeles,California,1030,1081.0,10.77,12,39.57,0.39
2020-05-26,USA-06037,Los Angeles,California,1804,1178.43,11.74,27,32.86,0.33
2020-05-27,USA-06037,Los Angeles,California,878,1120.43,11.16,52,32.14,0.32
2020-05-28,USA-06037,Los Angeles,California,1074,1105.29,11.01,46,32.14,0.32
2020-05-29,USA-06037,Los Angeles,California,1788,1215.71,12.11,49,34.43,0.34
2020-05-30,USA-06037,Los Angeles,California,2089,1370.86,13.66,48,35.43,0.35
2020-05-31,USA-06037,Los Angeles,California,1345,1429.71,14.24,24,36.86,0.37
2020-06-01,USA-06037,Los Angeles,California,972,1421.43,14.16,22,38.29,0.38
2020-06-02,USA-06037,Los Angeles,California,1150,1328.0,13.23,59,42.86,0.43
2020-06-03,USA-06037,Los Angeles,California,1116,1362.0,13.57,46,42.0,0.42
2020-06-04,USA-06037,Los Angeles,California,1416,1410.86,14.05,42,41.43,0.41
2020-06-05,USA-06037,Los Angeles,California,1395,1354.71,13.49,34,39.29,0.39
2020-06-06,USA-06037,Los Angeles,California,1293,1241.0,12.36,55,40.29,0.4
2020-06-07,USA-06037,Los Angeles,California,1506,1264.0,12.59,25,40.43,0.4
2020-06-08,USA-06037,Los Angeles,California,800,1239.43,12.35,10,38.71,0.39
2020-06-09,USA-06037,Los Angeles,California,1178,1243.43,12.39,52,37.71,0.38
2020-06-10,USA-06037,Los Angeles,California,1242,1261.43,12.57,61,39.86,0.4
2020-06-11,USA-06037,Los Angeles,California,1811,1317.86,13.13,45,40.29,0.4
2020-06-12,USA-06037,Los Angeles,California,1601,1347.29,13.42,19,38.14,0.38
2020-06-13,USA-06037,Los Angeles,California,1547,1383.57,13.78,58,38.57,0.38
2020-06-14,USA-06037,Los Angeles,California,995,1310.57,13.05,17,37.43,0.37
2020-06-15,USA-06037,Los Angeles,California,773,1306.71,13.02,19,38.71,0.39
2020-06-16,USA-06037,Los Angeles,California,1293,1323.14,13.18,33,36.0,0.36
2020-06-17,USA-06037,Los Angeles,California,2105,1446.43,14.41,32,31.86,0.32
2020-06-18,USA-06037,Los Angeles,California,1038,1336.0,13.31,36,30.57,0.3
2020-06-19,USA-06037,Los Angeles,California,1382,1304.71,13.0,36,33.0,0.33
2020-06-20,USA-06037,Los Angeles,California,2027,1373.29,13.68,47,31.43,0.31
2020-06-21,USA-06037,Los Angeles,California,1761,1482.71,14.77,10,30.43,0.3
2020-06-22,USA-06037,Los Angeles,California,2545,1735.86,17.29,17,30.14,0.3
2020-06-23,USA-06037,Los Angeles,California,2320,1882.57,18.75,34,30.29,0.3
2020-06-24,USA-06037,Los Angeles,California,1228,1757.29,17.5,34,30.57,0.3
2020-06-25,USA-06037,Los Angeles,California,1977,1891.43,18.84,41,31.29,0.31
2020-06-26,USA-06037,Los Angeles,California,1765,1946.14,19.39,21,29.14,0.29
2020-06-27,USA-06037,Los Angeles,California,2139,1962.14,19.54,18,25.0,0.25
2020-06-28,USA-06037,Los Angeles,California,2523,2071.0,20.63,20,26.43,0.26
2020-06-29,USA-06037,Los Angeles,California,2878,2118.57,21.1,21,27.0,0.27
2020-06-30,USA-06037,Los Angeles,California,2757,2181.0,21.73,43,28.29,0.28
2020-07-01,USA-06037,Los Angeles,California,1978,2288.14,22.79,33,28.14,0.28
2020-07-02,USA-06037,Los Angeles,California,2160,2314.29,23.05,52,29.71,0.3
2020-07-03,USA-06037,Los Angeles,California,2643,2439.71,24.3,0,29.71,0.3
2020-07-04,USA-06037,Los Angeles,California,3187,2589.43,25.79,0,29.71,0.3
2020-07-05,USA-06037,Los Angeles,California,1496,2442.71,24.33,33,26.0,0.26
2020-07-06,USA-06037,Los Angeles,California,1577,2256.86,22.48,47,29.71,0.3
2020-07-07,USA-06037,Los Angeles,California,3969,2430.0,24.21,45,30.0,0.3
2020-07-08,USA-06037,Los Angeles,California,2465,2499.57,24.9,63,34.29,0.34
2020-07-09,USA-06037,Los Angeles,California,1734,2438.71,24.29,47,33.57,0.33
2020-07-10,USA-06037,Los Angeles,California,2620,2435.43,24.26,49,35.5,0.35
2020-07-11,USA-06037,Los Angeles,California,2884,2392.14,23.83,55,37.67,0.38
2020-07-12,USA-06037,Los Angeles,California,3307,2650.86,26.41,16,46.0,0.46
2020-07-13,USA-06037,Los Angeles,California,2580,2794.14,27.83,13,41.14,0.41
2020-07-14,USA-06037,Los Angeles,California,4178,2824.0,28.13,72,45.0,0.45
2020-07-15,USA-06037,Los Angeles,California,2702,2857.86,28.47,42,42.0,0.42
2020-07-16,USA-06037,Los Angeles,California,4459,3247.14,32.34,52,42.71,0.43
2020-07-17,USA-06037,Los Angeles,California,2851,3280.14,32.67,59,44.14,0.44
2020-07-18,USA-06037,Los Angeles,California,2722,3257.0,32.44,37,41.57,0.41
2020-07-19,USA-06037,Los Angeles,California,2846,3191.14,31.79,11,40.86,0.41
2020-07-20,USA-06037,Los Angeles,California,3158,3273.71,32.61,9,40.29,0.4
2020-07-21,USA-06037,Los Angeles,California,2628,3052.29,30.4,50,37.14,0.37
2020-07-22,USA-06037,Los Angeles,California,3197,3123.0,31.11,59,39.57,0.39
2020-07-23,USA-06037,Los Angeles,California,1978,2768.57,27.58,49,39.14,0.39
2020-07-24,USA-06037,Los Angeles,California,1909,2634.0,26.24,38,36.14,0.36
2020-07-25,USA-06037,Los Angeles,California,3568,2754.86,27.44,51,38.14,0.38
2020-07-26,USA-06037,Los Angeles,California,1670,2586.86,25.77,9,37.86,0.38
2020-07-27,USA-06037,Los Angeles,California,2033,2426.14,24.17,15,38.71,0.39
2020-07-28,USA-06037,Los Angeles,California,2614,2424.14,24.15,51,38.86,0.39
2020-07-29,USA-06037,Los Angeles,California,4741,2644.71,26.34,90,43.29,0.43
2020-07-30,USA-06037,Los Angeles,California,2489,2717.71,27.07,36,41.43,0.41
2020-07-31,USA-06037,Los Angeles,California,2609,2817.71,28.07,69,45.86,0.46
2020-08-01,USA-06037,Los Angeles,California,2212,2624.0,26.14,48,45.43,0.45
2020-08-02,USA-06037,Los Angeles,California,1474,2596.0,25.86,23,47.43,0.47
2020-08-03,USA-06037,Los Angeles,California,1621,2537.14,25.27,9,46.57,0.46
2020-08-04,USA-06037,Los Angeles,California,1826,2424.57,24.15,57,47.43,0.47
2020-08-05,USA-06037,Los Angeles,California,2298,2075.57,20.67,67,44.14,0.44
2020-08-06,USA-06037,Los Angeles,California,3194,2176.29,21.68,44,45.29,0.45
2020-08-07,USA-06037,Los Angeles,California,3061,2240.86,22.32,49,42.43,0.42
2020-08-08,USA-06037,Los Angeles,California,2594,2295.43,22.86,49,42.57,0.42
2020-08-09,USA-06037,Los Angeles,California,1767,2337.29,23.28,10,40.71,0.41
2020-08-10,USA-06037,Los Angeles,California,1896,2376.57,23.67,19,42.14,0.42
2020-08-11,USA-06037,Los Angeles,California,1384,2313.43,23.04,61,42.71,0.43
2020-08-12,USA-06037,Los Angeles,California,2389,2326.43,23.17,52,40.57,0.4
2020-08-13,USA-06037,Los Angeles,California,1942,2147.57,21.39,62,43.14,0.43
2020-08-14,USA-06037,Los Angeles,California,2554,2075.14,20.67,43,42.29,0.42
2020-08-15,USA-06037,Los Angeles,California,2069,2000.14,19.92,31,39.71,0.4
2020-08-16,USA-06037,Los Angeles,California,1188,1917.43,19.1,9,39.57,0.39
2020-08-17,USA-06037,Los Angeles,California,1181,1815.29,18.08,19,39.57,0.39
2020-08-18,USA-06037,Los Angeles,California,900,1746.14,17.39,62,39.71,0.4
2020-08-19,USA-06037,Los Angeles,California,1796,1661.43,16.55,57,40.43,0.4
2020-08-20,USA-06037,Los Angeles,California,1519,1601.0,15.95,54,39.29,0.39
2020-08-21,USA-06037,Los Angeles,California,1708,1480.14,14.74,45,39.57,0.39
2020-08-22,USA-06037,Los Angeles,California,1608,1414.29,14.09,46,41.71,0.42
2020-08-23,USA-06037,Los Angeles,California,1033,1392.14,13.87,8,41.57,0.41
2020-08-24,USA-06037,Los Angeles,California,1198,1394.57,13.89,13,40.71,0.41
2020-08-25,USA-06037,Los Angeles,California,884,1392.29,13.87,47,38.57,0.38
2020-08-26,USA-06037,Los Angeles,California,1609,1365.57,13.6,58,38.71,0.39
2020-08-27,USA-06037,Los Angeles,California,1600,1377.14,13.72,38,36.43,0.36
2020-08-28,USA-06037,Los Angeles,California,1472,1343.43,13.38,31,34.43,0.34
2020-08-29,USA-06037,Los Angeles,California,1298,1299.14,12.94,27,31.71,0.32
2020-08-30,USA-06037,Los Angeles,California,993,1293.43,12.88,10,32.0,0.32
2020-08-31,USA-06037,Los Angeles,California,1019,1267.86,12.63,15,32.29,0.32
2020-09-01,USA-06037,Los Angeles,California,753,1249.14,12.44,45,32.0,0.32
2020-09-02,USA-06037,Los Angeles,California,1414,1221.29,12.17,49,30.71,0.31
2020-09-03,USA-06037,Los Angeles,California,1064,1144.71,11.4,54,33.0,0.33
2020-09-04,USA-06037,Los Angeles,California,1408,1135.57,11.31,45,35.0,0.35
2020-09-05,USA-06037,Los Angeles,California,1135,1112.29,11.08,23,34.43,0.34
2020-09-06,USA-06037,Los Angeles,California,792,1083.57,10.79,5,33.71,0.34
2020-09-07,USA-06037,Los Angeles,California,487,1007.57,10.04,25,35.14,0.35
2020-09-08,USA-06037,Los Angeles,California,420,960.0,9.56,6,29.57,0.29
2020-09-09,USA-06037,Los Angeles,California,618,846.29,8.43,54,30.29,0.3
2020-09-10,USA-06037,Los Angeles,California,1165,860.71,8.57,38,28.0,0.28
2020-09-11,USA-06037,Los Angeles,California,1042,808.43,8.05,43,27.71,0.28
2020-09-12,USA-06037,Los Angeles,California,1110,804.86,8.02,26,28.14,0.28
2020-09-13,USA-06037,Los Angeles,California,809,807.29,8.04,11,29.0,0.29
2020-09-14,USA-06037,Los Angeles,California,671,833.57,8.3,23,28.71,0.29
2020-09-15,USA-06037,Los Angeles,California,393,829.71,8.26,42,33.86,0.34
2020-09-16,USA-06037,Los Angeles,California,1099,898.43,8.95,30,30.43,0.3
2020-09-17,USA-06037,Los Angeles,California,1123,892.43,8.89,21,28.0,0.28
2020-09-18,USA-06037,Los Angeles,California,1245,921.43,9.18,6,22.71,0.23
2020-09-19,USA-06037,Los Angeles,California,1301,948.71,9.45,0,22.71,0.23
2020-09-20,USA-06037,Los Angeles,California,980,973.14,9.69,23,20.71,0.21
2020-09-21,USA-06037,Los Angeles,California,649,970.0,9.66,13,19.29,0.19
2020-09-22,USA-06037,Los Angeles,California,687,1012.0,10.08,35,18.29,0.18
2020-09-23,USA-06037,Los Angeles,California,1200,1026.43,10.22,22,17.14,0.17
2020-09-24,USA-06037,Los Angeles,California,1081,1020.43,10.16,32,18.71,0.19
2020-09-25,USA-06037,Los Angeles,California,1361,1037.0,10.33,33,22.57,0.22
2020-09-26,USA-06037,Los Angeles,California,1213,1024.43,10.2,16,21.75,0.22
2020-09-27,USA-06037,Los Angeles,California,813,1000.57,9.97,10,23.0,0.23
2020-09-28,USA-06037,Los Angeles,California,654,1001.29,9.97,1,21.29,0.21
2020-09-29,USA-06037,Los Angeles,California,829,1021.57,10.18,36,21.43,0.21
2020-09-30,USA-06037,Los Angeles,California,1015,995.14,9.91,25,21.86,0.22
2020-10-01,USA-06037,Los Angeles,California,1072,993.86,9.9,34,22.14,0.22
2020-10-02,USA-06037,Los Angeles,California,1282,982.57,9.79,16,19.71,0.2
2020-10-03,USA-06037,Los Angeles,California,985,950.0,9.46,16,19.71,0.2
2020-10-04,USA-06037,Los Angeles,California,927,966.29,9.63,5,19.0,0.19
2020-10-05,USA-06037,Los Angeles,California,377,926.71,9.23,7,19.86,0.2
2020-10-06,USA-06037,Los Angeles,California,914,938.86,9.35,27,18.57,0.18
2020-10-07,USA-06037,Los Angeles,California,1589,1020.86,10.17,28,19.0,0.19
2020-10-08,USA-06037,Los Angeles,California,1220,1042.0,10.38,17,16.57,0.17
2020-10-09,USA-06037,Los Angeles,California,1244,1036.57,10.33,15,16.43,0.16
2020-10-10,USA-06037,Los Angeles,California,1256,1075.29,10.71,27,18.0,0.18
2020-10-11,USA-06037,Los Angeles,California,970,1081.43,10.77,3,17.71,0.18
2020-10-12,USA-06037,Los Angeles,California,847,1148.57,11.44,2,17.0,0.17
2020-10-13,USA-06037,Los Angeles,California,768,1127.71,11.23,17,15.57,0.16
2020-10-14,USA-06037,Los Angeles,California,1266,1081.57,10.77,22,14.71,0.15
2020-10-15,USA-06037,Los Angeles,California,1167,1074.0,10.7,22,15.43,0.15
2020-10-16,USA-06037,Los Angeles,California,1039,1044.71,10.41,21,16.29,0.16
2020-10-17,USA-06037,Los Angeles,California,914,995.86,9.92,8,13.57,0.14
2020-10-18,USA-06037,Los Angeles,California,315,902.29,8.99,13,15.0,0.15
2020-10-19,USA-06037,Los Angeles,California,915,912.0,9.08,1,14.86,0.15
2020-10-20,USA-06037,Los Angeles,California,643,894.14,8.91,35,17.43,0.17
2020-10-21,USA-06037,Los Angeles,California,477,781.43,7.78,32,18.86,0.19
2020-10-22,USA-06037,Los Angeles,California,3579,1126.0,11.22,12,17.43,0.17
2020-10-23,USA-06037,Los Angeles,California,2756,1371.29,13.66,18,17.0,0.17
2020-10-24,USA-06037,Los Angeles,California,2116,1543.0,15.37,15,18.0,0.18
2020-10-25,USA-06037,Los Angeles,California,823,1615.57,16.09,4,16.71,0.17
2020-10-26,USA-06037,Los Angeles,California,854,1606.86,16.01,7,17.57,0.18
2020-10-27,USA-06037,Los Angeles,California,1463,1724.0,17.17,27,16.43,0.16
2020-10-28,USA-06037,Los Angeles,California,1292,1840.43,18.33,13,13.71,0.14
2020-10-29,USA-06037,Los Angeles,California,1701,1572.14,15.66,4,12.57,0.13
2020-10-30,USA-06037,Los Angeles,California,1257,1358.0,13.53,12,11.71,0.12
2020-10-31,USA-06037,Los Angeles,California,1291,1240.14,12.35,15,11.71,0.12
2020-11-01,USA-06037,Los Angeles,California,1572,1347.14,13.42,3,11.57,0.12
2020-11-02,USA-06037,Los Angeles,California,1405,1425.86,14.2,2,10.86,0.11
2020-11-03,USA-06037,Los Angeles,California,1150,1381.14,13.76,21,10.0,0.1
2020-11-04,USA-06037,Los Angeles,California,1781,1451.0,14.45,20,11.0,0.11
2020-11-05,USA-06037,Los Angeles,California,2108,1509.14,15.03,23,13.71,0.14
2020-11-06,USA-06037,Los Angeles,California,2093,1628.57,16.22,17,14.43,0.14
2020-11-07,USA-06037,Los Angeles,California,2321,1775.71,17.69,13,14.14,0.14
2020-11-08,USA-06037,Los Angeles,California,2233,1870.14,18.63,2,14.0,0.14
2020-11-09,USA-06037,Los Angeles,California,1418,1872.0,18.65,5,14.43,0.14
2020-11-10,USA-06037,Los Angeles,California,2252,2029.43,20.22,23,14.71,0.15
2020-11-11,USA-06037,Los Angeles,California,2091,2073.71,20.66,16,14.14,0.14
2020-11-12,USA-06037,Los Angeles,California,2486,2127.71,21.19,5,11.57,0.12
2020-11-13,USA-06037,Los Angeles,California,2417,2174.0,21.66,25,12.71,0.13
2020-11-14,USA-06037,Los Angeles,California,3685,2368.86,23.6,20,13.71,0.14
2020-11-15,USA-06037,Los Angeles,California,3010,2479.86,24.7,3,13.86,0.14
2020-11-16,USA-06037,Los Angeles,California,2785,2675.14,26.65,6,14.0,0.14
2020-11-17,USA-06037,Los Angeles,California,2182,2665.14,26.55,24,14.14,0.14
2020-11-18,USA-06037,Los Angeles,California,3813,2911.14,29.0,36,17.0,0.17
2020-11-19,USA-06037,Los Angeles,California,4896,3255.43,32.43,28,20.29,0.2
2020-11-20,USA-06037,Los Angeles,California,4225,3513.71,35.0,33,21.43,0.21
2020-11-21,USA-06037,Los Angeles,California,4421,3618.86,36.05,33,23.29,0.23
2020-11-22,USA-06037,Los Angeles,California,2651,3567.57,35.54,9,24.14,0.24
2020-11-23,USA-06037,Los Angeles,California,6116,4043.43,40.28,8,24.43,0.24
2020-11-24,USA-06037,Los Angeles,California,3502,4232.0,42.16,51,28.29,0.28
2020-11-25,USA-06037,Los Angeles,California,4190,4285.86,42.69,46,29.71,0.3
2020-11-26,USA-06037,Los Angeles,California,4952,4293.86,42.77,37,31.0,0.31
2020-11-27,USA-06037,Los Angeles,California,4420,4321.71,43.05,24,29.71,0.3
2020-11-28,USA-06037,Los Angeles,California,3211,4148.86,41.33,19,27.71,0.28
2020-11-29,USA-06037,Los Angeles,California,4953,4477.71,44.6,16,28.71,0.29
2020-11-30,USA-06037,Los Angeles,California,5077,4329.29,43.12,16,29.86,0.3
2020-12-01,USA-06037,Los Angeles,California,7481,4897.71,48.79,45,29.0,0.29
2020-12-02,USA-06037,Los Angeles,California,5789,5126.14,51.06,40,28.14,0.28
2020-12-03,USA-06037,Los Angeles,California,7696,5518.14,54.97,42,28.86,0.29
2020-12-04,USA-06037,Los Angeles,California,8713,6131.43,61.08,60,34.0,0.34
2020-12-05,USA-06037,Los Angeles,California,8825,6933.43,69.06,44,37.57,0.37
2020-12-06,USA-06037,Los Angeles,California,10444,7717.86,76.88,23,38.57,0.38
2020-12-07,USA-06037,Los Angeles,California,8029,8139.57,81.08,27,40.14,0.4
2020-12-08,USA-06037,Los Angeles,California,8448,8277.71,82.45,64,42.86,0.43
2020-12-09,USA-06037,Los Angeles,California,8950,8729.29,86.95,75,47.86,0.48
2020-12-10,USA-06037,Los Angeles,California,12646,9436.43,94.0,74,52.43,0.52
2020-12-11,USA-06037,Los Angeles,California,13737,10154.14,101.15,50,51.0,0.51
2020-12-12,USA-06037,Los Angeles,California,11237,10498.71,104.58,70,54.71,0.55
2020-12-13,USA-06037,Los Angeles,California,12622,10809.86,107.68,29,55.57,0.55
2020-12-14,USA-06037,Los Angeles,California,7244,10697.71,106.56,47,58.43,0.58
2020-12-15,USA-06037,Los Angeles,California,11054,11070.0,110.27,86,61.57,0.61
2020-12-16,USA-06037,Los Angeles,California,22236,12968.0,129.17,137,70.43,0.7
2020-12-17,USA-06037,Los Angeles,California,14320,13207.14,131.56,96,73.57,0.73
2020-12-18,USA-06037,Los Angeles,California,16405,13588.29,135.35,93,79.71,0.79
2020-12-19,USA-06037,Los Angeles,California,13652,13933.29,138.79,60,78.29,0.78
2020-12-20,USA-06037,Los Angeles,California,13313,14032.0,139.77,58,82.43,0.82
2020-12-21,USA-06037,Los Angeles,California,11183,14594.71,145.38,56,83.71,0.83
2020-12-22,USA-06037,Los Angeles,California,12708,14831.0,147.73,85,83.57,0.83
2020-12-23,USA-06037,Los Angeles,California,16427,14001.14,139.47,137,83.57,0.83
2020-12-24,USA-06037,Los Angeles,California,13345,13861.86,138.08,146,90.71,0.9
2020-12-25,USA-06037,Los Angeles,California,0,13861.86,138.08,0,90.71,0.9
2020-12-26,USA-06037,Los Angeles,California,29174,13735.71,136.82,139,88.71,0.88
2020-12-27,USA-06037,Los Angeles,California,13387,13746.29,136.93,44,86.71,0.86
2020-12-28,USA-06037,Los Angeles,California,13513,14079.14,140.24,73,89.14,0.89
2020-12-29,USA-06037,Los Angeles,California,12769,14087.86,140.33,227,109.43,1.09
2020-12-30,USA-06037,Los Angeles,California,10031,13174.14,131.23,274,129.0,1.28
2020-12-31,USA-06037,Los Angeles,California,14503,13339.57,132.88,289,149.43,1.49
2021-01-01,USA-06037,Los Angeles,California,19980,14169.63,141.14,207,156.63,1.56
2021-01-02,USA-06037,Los Angeles,California,15628,14258.71,142.03,130,177.71,1.77
2021-01-03,USA-06037,Los Angeles,California,12436,14122.86,140.68,91,184.43,1.84
2021-01-04,USA-06037,Los Angeles,California,8884,13461.57,134.09,77,185.0,1.84
2021-01-05,USA-06037,Los Angeles,California,13113,13510.71,134.58,221,184.14,1.83
2021-01-06,USA-06037,Los Angeles,California,11554,13728.29,136.75,257,181.71,1.81
2021-01-07,USA-06037,Los Angeles,California,19239,14404.86,143.49,217,171.43,1.71
2021-01-08,USA-06037,Los Angeles,California,18038,14127.43,140.72,318,187.29,1.87
2021-01-09,USA-06037,Los Angeles,California,16767,14290.14,142.34,221,200.29,2.0
2021-01-10,USA-06037,Los Angeles,California,14006,14514.43,144.58,166,211.0,2.1
2021-01-11,USA-06037,Los Angeles,California,12523,15034.29,149.76,137,219.57,2.19
2021-01-12,USA-06037,Los Angeles,California,11630,14822.43,147.65,287,229.0,2.28
2021-01-13,USA-06037,Los Angeles,California,14178,15197.29,151.38,281,232.43,2.32
2021-01-14,USA-06037,Los Angeles,California,16802,14849.14,147.91,279,241.29,2.4
2021-01-15,USA-06037,Los Angeles,California,14633,14362.71,143.07,255,232.29,2.31
2021-01-16,USA-06037,Los Angeles,California,13996,13966.86,139.12,252,236.71,2.36
2021-01-17,USA-06037,Los Angeles,California,10741,13500.43,134.48,107,228.29,2.27
2021-01-18,USA-06037,Los Angeles,California,9529,13072.71,130.22,88,221.29,2.2
2021-01-19,USA-06037,Los Angeles,California,7685,12509.14,124.6,186,206.86,2.06
2021-01-20,USA-06037,Los Angeles,California,6218,11372.0,113.28,262,204.14,2.03
2021-01-21,USA-06037,Los Angeles,California,7929,10104.43,100.65,257,201.0,2.0
2021-01-22,USA-06037,Los Angeles,California,8790,9269.71,92.34,253,200.71,2.0
2021-01-23,USA-06037,Los Angeles,California,10095,8712.43,86.78,268,203.0,2.02
2021-01-24,USA-06037,Los Angeles,California,8224,8352.86,83.2,98,201.71,2.01
2021-01-25,USA-06037,Los Angeles,California,6285,7889.43,78.59,43,195.29,1.95
2021-01-26,USA-06037,Los Angeles,California,5648,7598.43,75.69,289,210.0,2.09
2021-01-27,USA-06037,Los Angeles,California,6668,7662.71,76.33,305,216.14,2.15
2021-01-28,USA-06037,Los Angeles,California,6229,7419.86,73.91,210,209.43,2.09
2021-01-29,USA-06037,Los Angeles,California,6480,7089.86,70.62,225,205.43,2.05
2021-01-30,USA-06037,Los Angeles,California,6700,6604.86,65.79,315,212.14,2.11
2021-01-31,USA-06037,Los Angeles,California,5803,6259.0,62.35,123,215.71,2.15
2021-02-01,USA-06037,Los Angeles,California,4003,5933.0,59.1,84,221.57,2.21
2021-02-02,USA-06037,Los Angeles,California,3685,5652.57,56.31,203,209.29,2.08
2021-02-03,USA-06037,Los Angeles,California,4923,5403.29,53.82,251,201.57,2.01
2021-02-04,USA-06037,Los Angeles,California,4863,5208.14,51.88,231,204.57,2.04
2021-02-05,USA-06037,Los Angeles,California,4436,4916.14,48.97,225,204.57,2.04
2021-02-06,USA-06037,Los Angeles,California,4661,4624.86,46.07,191,186.86,1.86
2021-02-07,USA-06037,Los Angeles,California,3034,4229.29,42.13,89,182.0,1.81
2021-02-08,USA-06037,Los Angeles,California,2614,4030.86,40.15,91,183.0,1.82
2021-02-09,USA-06037,Los Angeles,California,3175,3958.0,39.43,225,186.14,1.85
2021-02-10,USA-06037,Los Angeles,California,3081,3694.86,36.8,140,170.29,1.7
2021-02-11,USA-06037,Los Angeles,California,3314,3473.57,34.6,158,159.86,1.59
2021-02-12,USA-06037,Los Angeles,California,3159,3291.14,32.78,131,146.43,1.46
2021-02-13,USA-06037,Los Angeles,California,3000,3053.86,30.42,195,147.0,1.46
2021-02-14,USA-06037,Los Angeles,California,1780,2874.71,28.64,82,146.0,1.45
2021-02-15,USA-06037,Los Angeles,California,1830,2762.71,27.52,29,137.14,1.37
2021-02-16,USA-06037,Los Angeles,California,1196,2480.0,24.7,120,122.14,1.22
2021-02-17,USA-06037,Los Angeles,California,2121,2342.86,23.34,153,124.0,1.24
2021-02-18,USA-06037,Los Angeles,California,2676,2251.71,22.43,146,122.29,1.22
2021-02-19,USA-06037,Los Angeles,California,2443,2149.43,21.41,148,124.71,1.24
2021-02-20,USA-06037,Los Angeles,California,2293,2048.43,20.4,131,115.57,1.15
2021-02-21,USA-06037,Los Angeles,California,1427,1998.0,19.9,92,117.0,1.17
2021-02-22,USA-06037,Los Angeles,California,934,1870.0,18.63,19,115.57,1.15
2021-02-23,USA-06037,Los Angeles,California,1975,1981.29,19.74,153,120.29,1.2
2021-02-24,USA-06037,Los Angeles,California,2105,1979.0,19.71,930,120.29,1.2
2021-02-25,USA-06037,Los Angeles,California,2027,1886.29,18.79,115,114.86,1.14
2021-02-26,USA-06037,Los Angeles,California,1758,1788.43,17.81,139,113.86,1.13
2021-02-27,USA-06037,Los Angeles,California,1662,1698.29,16.92,87,105.14,1.05
2021-02-28,USA-06037,Los Angeles,California,1038,1642.71,16.36,107,101.71,1.01
2021-03-01,USA-06037,Los Angeles,California,972,1648.14,16.42,32,93.14,0.93
2021-03-02,USA-06037,Los Angeles,California,1347,1558.43,15.52,87,102.86,1.02
2021-03-03,USA-06037,Los Angeles,California,1674,1496.86,14.91,115,97.43,0.97
2021-03-04,USA-06037,Los Angeles,California,2185,1519.43,15.14,109,96.57,0.96
2021-03-05,USA-06037,Los Angeles,California,2027,1557.86,15.52,132,95.57,0.95
2021-03-06,USA-06037,Los Angeles,California,1749,1570.29,15.64,98,97.14,0.97
2021-03-07,USA-06037,Los Angeles,California,1286,1605.71,15.99,21,84.86,0.85
2021-03-08,USA-06037,Los Angeles,California,866,1590.57,15.84,12,82.0,0.82
2021-03-09,USA-06037,Los Angeles,California,1259,1578.0,15.72,58,77.86,0.78
2021-03-10,USA-06037,Los Angeles,California,1437,1544.14,15.38,114,77.71,0.77
2021-03-11,USA-06037,Los Angeles,California,1311,1419.29,14.14,91,75.14,0.75
2021-03-12,USA-06037,Los Angeles,California,6,1130.57,11.26,0,75.14,0.75
2021-03-13,USA-06037,Los Angeles,California,1608,1110.43,11.06,142,62.57,0.62
2021-03-14,USA-06037,Los Angeles,California,634,1017.29,10.13,28,63.57,0.63
2021-03-15,USA-06037,Los Angeles,California,399,950.57,9.47,2,62.14,0.62
2021-03-16,USA-06037,Los Angeles,California,242,805.29,8.02,43,60.0,0.6
2021-03-17,USA-06037,Los Angeles,California,828,718.29,7.15,61,52.43,0.52
2021-03-18,USA-06037,Los Angeles,California,853,652.86,6.5,84,51.43,0.51
2021-03-19,USA-06037,Los Angeles,California,692,750.86,7.48,58,52.25,0.52
2021-03-20,USA-06037,Los Angeles,California,497,592.14,5.9,55,47.29,0.47
2021-03-21,USA-06037,Los Angeles,California,394,557.86,5.56,33,48.0,0.48
2021-03-22,USA-06037,Los Angeles,California,505,573.0,5.71,24,51.14,0.51
2021-03-23,USA-06037,Los Angeles,California,446,602.14,6.0,37,50.29,0.5
2021-03-24,USA-06037,Los Angeles,California,610,571.0,5.69,89,54.29,0.54
2021-03-25,USA-06037,Los Angeles,California,518,523.14,5.21,60,50.86,0.51
2021-03-26,USA-06037,Los Angeles,California,782,536.0,5.34,35,47.57,0.47
2021-03-27,USA-06037,Los Angeles,California,673,561.14,5.59,25,43.29,0.43
2021-03-28,USA-06037,Los Angeles,California,520,579.14,5.77,23,41.86,0.42
2021-03-29,USA-06037,Los Angeles,California,358,558.14,5.56,-2,41.86,0.42
2021-03-30,USA-06037,Los Angeles,California,375,548.0,5.46,9,39.71,0.4
2021-03-31,USA-06037,Los Angeles,California,605,547.29,5.45,33,39.14,0.39
2021-04-01,USA-06037,Los Angeles,California,683,570.86,5.69,46,33.0,0.33
2021-04-02,USA-06037,Los Angeles,California,606,545.71,5.44,46,31.0,0.31
2021-04-03,USA-06037,Los Angeles,California,756,557.57,5.55,39,31.57,0.31
2021-04-04,USA-06037,Los Angeles,California,509,556.0,5.54,27,31.86,0.32
2021-04-05,USA-06037,Los Angeles,California,333,552.43,5.5,0,31.86,0.32
2021-04-06,USA-06037,Los Angeles,California,331,546.14,5.44,1,27.43,0.27
2021-04-07,USA-06037,Los Angeles,California,397,516.43,5.14,38,28.14,0.28
2021-04-08,USA-06037,Los Angeles,California,618,507.14,5.05,48,28.43,0.28
2021-04-09,USA-06037,Los Angeles,California,713,522.43,5.2,43,28.0,0.28
2021-04-10,USA-06037,Los Angeles,California,753,522.0,5.2,36,27.57,0.27
2021-04-11,USA-06037,Los Angeles,California,540,526.43,5.24,26,27.43,0.27
2021-04-12,USA-06037,Los Angeles,California,395,535.29,5.33,10,25.25,0.25
2021-04-13,USA-06037,Los Angeles,California,405,545.86,5.44,2,29.0,0.29
2021-04-14,USA-06037,Los Angeles,California,370,542.0,5.4,48,30.43,0.3
2021-04-15,USA-06037,Los Angeles,California,550,532.29,5.3,26,27.29,0.27
2021-04-16,USA-06037,Los Angeles,California,600,516.14,5.14,22,24.29,0.24
2021-04-17,USA-06037,Los Angeles,California,450,472.86,4.71,26,22.86,0.23
2021-04-18,USA-06037,Los Angeles,California,433,457.57,4.56,26,22.86,0.23
2021-04-19,USA-06037,Los Angeles,California,314,446.0,4.44,-5,22.86,0.23
2021-04-20,USA-06037,Los Angeles,California,330,435.29,4.34,20,24.29,0.24
2021-04-21,USA-06037,Los Angeles,California,357,433.43,4.32,34,28.86,0.29
2021-04-22,USA-06037,Los Angeles,California,364,406.86,4.05,34,26.86,0.27
2021-04-23,USA-06037,Los Angeles,California,424,381.71,3.8,26,26.86,0.27
2021-04-24,USA-06037,Los Angeles,California,378,371.43,3.7,23,27.0,0.27
2021-04-25,USA-06037,Los Angeles,California,369,362.29,3.61,17,25.71,0.26
2021-04-26,USA-06037,Los Angeles,California,274,356.57,3.55,-3,25.71,0.26
2021-04-27,USA-06037,Los Angeles,California,273,348.43,3.47,3,22.43,0.22
2021-04-28,USA-06037,Los Angeles,California,294,339.43,3.38,29,23.71,0.24
2021-04-29,USA-06037,Los Angeles,California,0,339.43,3.38,27,22.71,0.23
2021-04-30,USA-06037,Los Angeles,California,687,325.0,3.24,41,23.71,0.24
2021-05-01,USA-06037,Los Angeles,California,428,332.14,3.31,20,22.86,0.23
2021-05-02,USA-06037,Los Angeles,California,284,320.0,3.19,27,23.43,0.23
2021-05-03,USA-06037,Los Angeles,California,213,311.29,3.1,-3,23.43,0.23
2021-05-04,USA-06037,Los Angeles,California,217,303.29,3.02,-1,23.43,0.23
2021-05-05,USA-06037,Los Angeles,California,172,285.86,2.85,15,23.14,0.23
2021-05-06,USA-06037,Los Angeles,California,374,296.88,2.96,20,25.57,0.25
2021-05-07,USA-06037,Los Angeles,California,372,294.29,2.93,14,23.43,0.23
2021-05-08,USA-06037,Los Angeles,California,304,276.57,2.75,17,22.0,0.22
2021-05-09,USA-06037,Los Angeles,California,229,268.71,2.68,14,18.14,0.18
2021-05-10,USA-06037,Los Angeles,California,145,259.0,2.58,4,15.86,0.16
2021-05-11,USA-06037,Los Angeles,California,173,252.71,2.52,4,12.57,0.13
2021-05-12,USA-06037,Los Angeles,California,273,267.14,2.66,18,13.0,0.13
2021-05-13,USA-06037,Los Angeles,California,213,244.14,2.43,19,12.86,0.13
2021-05-14,USA-06037,Los Angeles,California,532,267.0,2.66,16,13.14,0.13
2021-05-15,USA-06037,Los Angeles,California,247,258.86,2.58,18,13.29,0.13
2021-05-16,USA-06037,Los Angeles,California,176,251.29,2.5,14,13.29,0.13
2021-05-17,USA-06037,Los Angeles,California,150,252.0,2.51,5,13.43,0.13
2021-05-18,USA-06037,Los Angeles,California,120,244.43,2.43,3,13.29,0.13
2021-05-19,USA-06037,Los Angeles,California,218,236.57,2.36,10,12.14,0.12
2021-05-20,USA-06037,Los Angeles,California,222,237.86,2.37,10,10.86,0.11
2021-05-21,USA-06037,Los Angeles,California,246,197.0,1.96,25,12.14,0.12
2021-05-22,USA-06037,Los Angeles,California,241,196.14,1.95,12,11.29,0.11
2021-05-23,USA-06037,Los Angeles,California,174,195.86,1.95,12,11.0,0.11
2021-05-24,USA-06037,Los Angeles,California,138,194.14,1.93,5,11.0,0.11
2021-05-25,USA-06037,Los Angeles,California,174,201.86,2.01,4,11.14,0.11
2021-05-26,USA-06037,Los Angeles,California,187,197.43,1.97,11,11.29,0.11
2021-05-27,USA-06037,Los Angeles,California,4040,197.43,1.97,109,11.29,0.11
2021-05-28,USA-06037,Los Angeles,California,203,194.71,1.94,27,13.71,0.14
2021-05-29,USA-06037,Los Angeles,California,192,187.0,1.86,9,11.43,0.11
2021-05-30,USA-06037,Los Angeles,California,170,176.86,1.76,2,10.0,0.1
2021-05-31,USA-06037,Los Angeles,California,172,176.57,1.76,1,8.43,0.08
2021-06-01,USA-06037,Los Angeles,California,109,172.43,1.72,4,8.29,0.08
2021-06-02,USA-06037,Los Angeles,California,93,160.86,1.6,3,8.14,0.08
2021-06-03,USA-06037,Los Angeles,California,203,163.14,1.63,8,7.71,0.08
2021-06-04,USA-06037,Los Angeles,California,203,163.14,1.63,11,5.43,0.05
2021-06-05,USA-06037,Los Angeles,California,255,172.14,1.71,14,6.14,0.06
2021-06-06,USA-06037,Los Angeles,California,203,176.86,1.76,11,7.43,0.07
2021-06-07,USA-06037,Los Angeles,California,133,171.29,1.71,-1,7.43,0.07
2021-06-08,USA-06037,Los Angeles,California,160,178.57,1.78,3,7.71,0.08
2021-06-09,USA-06037,Los Angeles,California,174,190.14,1.89,13,9.0,0.09
2021-06-10,USA-06037,Los Angeles,California,183,187.29,1.87,6,9.43,0.09
2021-06-11,USA-06037,Los Angeles,California,178,183.71,1.83,8,9.43,0.09
2021-06-12,USA-06037,Los Angeles,California,174,172.14,1.71,-6,9.43,0.09
2021-06-13,USA-06037,Los Angeles,California,184,169.43,1.69,0,9.43,0.09
2021-06-14,USA-06037,Los Angeles,California,129,168.86,1.68,-1,9.43,0.09
2021-06-15,USA-06037,Los Angeles,California,183,172.14,1.71,1,6.0,0.06
2021-06-16,USA-06037,Los Angeles,California,202,176.14,1.75,1,4.57,0.05
2021-06-17,USA-06037,Los Angeles,California,211,180.14,1.79,4,4.71,0.05
2021-06-18,USA-06037,Los Angeles,California,184,181.0,1.8,5,3.57,0.04
2021-06-19,USA-06037,Los Angeles,California,145,176.86,1.76,7,3.71,0.04
2021-06-20,USA-06037,Los Angeles,California,257,187.29,1.87,3,3.0,0.03
2021-06-21,USA-06037,Los Angeles,California,125,186.71,1.86,2,2.88,0.03
2021-06-22,USA-06037,Los Angeles,California,157,183.0,1.82,3,3.57,0.04
2021-06-23,USA-06037,Los Angeles,California,229,186.86,1.86,2,3.71,0.04
2021-06-24,USA-06037,Los Angeles,California,287,197.71,1.97,11,4.71,0.05
2021-06-25,USA-06037,Los Angeles,California,321,217.29,2.16,8,5.14,0.05
2021-06-26,USA-06037,Los Angeles,California,328,243.43,2.42,3,4.57,0.05
2021-06-27,USA-06037,Los Angeles,California,239,240.86,2.4,7,5.14,0.05
2021-06-28,USA-06037,Los Angeles,California,256,259.57,2.59,3,5.29,0.05
2021-06-29,USA-06037,Los Angeles,California,276,276.57,2.75,3,5.29,0.05
2021-06-30,USA-06037,Los Angeles,California,405,276.57,2.75,2,5.29,0.05
2021-07-01,USA-06037,Los Angeles,California,475,311.71,3.11,1,3.86,0.04
2021-07-02,USA-06037,Los Angeles,California,506,343.0,3.42,7,3.71,0.04
2021-07-03,USA-06037,Los Angeles,California,624,386.29,3.85,0,3.71,0.04
2021-07-04,USA-06037,Los Angeles,California,455,404.43,4.03,0,3.71,0.04
2021-07-05,USA-06037,Los Angeles,California,436,432.57,4.31,0,3.71,0.04
2021-07-06,USA-06037,Los Angeles,California,328,442.86,4.41,16,3.71,0.04
2021-07-07,USA-06037,Los Angeles,California,470,470.57,4.69,3,3.86,0.04
2021-07-08,USA-06037,Los Angeles,California,1832,664.43,6.62,6,4.57,0.05
2021-07-09,USA-06037,Los Angeles,California,727,696.0,6.93,11,5.14,0.05
2021-07-10,USA-06037,Los Angeles,California,424,667.43,6.65,0,5.14,0.05
2021-07-11,USA-06037,Los Angeles,California,1113,761.43,7.58,0,5.14,0.05
2021-07-12,USA-06037,Los Angeles,California,1602,928.0,9.24,16,5.2,0.05
2021-07-13,USA-06037,Los Angeles,California,1048,1030.86,10.27,1,5.29,0.05
2021-07-14,USA-06037,Los Angeles,California,954,1100.0,10.96,10,6.29,0.06
2021-07-15,USA-06037,Los Angeles,California,1352,1031.43,10.27,9,6.71,0.07
2021-07-16,USA-06037,Los Angeles,California,1877,1195.71,11.91,4,5.71,0.06
2021-07-17,USA-06037,Los Angeles,California,1777,1389.0,13.84,0,5.71,0.06
2021-07-18,USA-06037,Los Angeles,California,1633,1463.29,14.58,1,4.56,0.05
2021-07-19,USA-06037,Los Angeles,California,1230,1410.14,14.05,15,5.71,0.06
2021-07-20,USA-06037,Los Angeles,California,1796,1517.0,15.11,2,5.86,0.06
2021-07-21,USA-06037,Los Angeles,California,2504,1738.43,17.32,3,4.86,0.05
2021-07-22,USA-06037,Los Angeles,California,2747,1937.71,19.3,6,4.43,0.04
2021-07-23,USA-06037,Los Angeles,California,3038,2103.57,20.95,14,5.86,0.06
2021-07-24,USA-06037,Los Angeles,California,2589,2219.57,22.11,1,5.25,0.05
2021-07-25,USA-06037,Los Angeles,California,2084,2284.0,22.75,4,6.43,0.06
2021-07-26,USA-06037,Los Angeles,California,1927,2383.57,23.74,15,6.43,0.06
2021-07-27,USA-06037,Los Angeles,California,2060,2421.29,24.12,4,6.71,0.07
2021-07-28,USA-06037,Los Angeles,California,2395,2405.71,23.96,11,7.86,0.08
2021-07-29,USA-06037,Los Angeles,California,3224,2473.86,24.64,17,9.43,0.09
2021-07-30,USA-06037,Los Angeles,California,3593,2553.14,25.43,16,9.71,0.1
2021-07-31,USA-06037,Los Angeles,California,3281,2652.0,26.42,0,9.71,0.1
2021-08-01,USA-06037,Los Angeles,California,3030,2787.14,27.76,0,9.71,0.1
2021-08-02,USA-06037,Los Angeles,California,2361,2849.14,28.38,9,8.14,0.08
2021-08-03,USA-06037,Los Angeles,California,2266,2878.57,28.67,5,8.29,0.08
2021-08-04,USA-06037,Los Angeles,California,3686,3063.0,30.51,16,9.0,0.09
2021-08-05,USA-06037,Los Angeles,California,3657,3124.86,31.13,18,9.14,0.09
2021-08-06,USA-06037,Los Angeles,California,3904,3169.29,31.57,17,9.29,0.09
2021-08-07,USA-06037,Los Angeles,California,4129,3290.43,32.78,13,9.75,0.1
2021-08-08,USA-06037,Los Angeles,California,3016,3288.43,32.76,17,10.56,0.11
2021-08-09,USA-06037,Los Angeles,California,2901,3365.57,33.52,7,13.29,0.13
2021-08-10,USA-06037,Los Angeles,California,2597,3412.86,34.0,12,14.29,0.14
2021-08-11,USA-06037,Los Angeles,California,3473,3382.43,33.69,28,16.0,0.16
2021-08-12,USA-06037,Los Angeles,California,3806,3403.71,33.9,21,16.43,0.16
2021-08-13,USA-06037,Los Angeles,California,3698,3374.29,33.61,20,16.86,0.17
2021-08-14,USA-06037,Los Angeles,California,4184,3382.14,33.69,18,17.57,0.18
2021-08-15,USA-06037,Los Angeles,California,3347,3429.43,34.16,19,17.86,0.18
2021-08-16,USA-06037,Los Angeles,California,2421,3360.86,33.48,7,17.86,0.18
2021-08-17,USA-06037,Los Angeles,California,2907,3405.14,33.92,17,18.57,0.18
2021-08-18,USA-06037,Los Angeles,California,3974,3476.71,34.63,32,19.14,0.19
2021-08-19,USA-06037,Los Angeles,California,3184,3387.86,33.75,35,21.14,0.21
2021-08-20,USA-06037,Los Angeles,California,13703,3387.86,33.75,30,22.57,0.22
2021-08-21,USA-06037,Los Angeles,California,3864,3411.57,33.98,29,24.14,0.24
2021-08-22,USA-06037,Los Angeles,California,2771,3209.71,31.97,19,24.14,0.24
2021-08-23,USA-06037,Los Angeles,California,2319,3062.86,30.51,9,24.43,0.24
2021-08-24,USA-06037,Los Angeles,California,2640,3094.14,30.82,25,25.57,0.25
2021-08-25,USA-06037,Los Angeles,California,3220,3138.86,31.27,36,26.14,0.26
2021-08-26,USA-06037,Los Angeles,California,3125,3017.57,30.06,31,25.57,0.25
2021-08-27,USA-06037,Los Angeles,California,2751,2955.71,29.44,30,25.57,0.25
2021-08-28,USA-06037,Los Angeles,California,3598,2917.71,29.06,29,25.57,0.25
2021-08-29,USA-06037,Los Angeles,California,2216,2838.43,28.27,5,23.57,0.23
2021-08-30,USA-06037,Los Angeles,California,2337,2841.0,28.3,18,24.86,0.25
2021-08-31,USA-06037,Los Angeles,California,1932,2739.86,27.29,21,24.29,0.24
2021-09-01,USA-06037,Los Angeles,California,2228,2598.14,25.88,38,24.57,0.24
2021-09-02,USA-06037,Los Angeles,California,2695,2536.71,25.27,42,26.14,0.26
2021-09-03,USA-06037,Los Angeles,California,2614,2517.14,25.07,37,27.14,0.27
2021-09-04,USA-06037,Los Angeles,California,2065,2298.14,22.89,33,27.71,0.28
2021-09-05,USA-06037,Los Angeles,California,2111,2283.14,22.74,20,29.86,0.3
2021-09-06,USA-06037,Los Angeles,California,1530,2167.86,21.59,11,28.86,0.29
2021-09-07,USA-06037,Los Angeles,California,1051,2042.0,20.34,12,27.57,0.27
2021-09-08,USA-06037,Los Angeles,California,2009,2010.71,20.03,37,27.43,0.27
2021-09-09,USA-06037,Los Angeles,California,2186,1938.0,19.3,49,28.43,0.28
2021-09-10,USA-06037,Los Angeles,California,2011,1851.86,18.45,48,30.0,0.3
2021-09-11,USA-06037,Los Angeles,California,0,1851.86,18.45,19,28.0,0.28
2021-09-12,USA-06037,Los Angeles,California,0,1851.86,18.45,0,28.0,0.28
2021-09-13,USA-06037,Los Angeles,California,5648,1843.57,18.36,58,31.86,0.32
2021-09-14,USA-06037,Los Angeles,California,1698,1936.0,19.28,25,33.71,0.34
2021-09-15,USA-06037,Los Angeles,California,1910,1921.86,19.14,35,33.43,0.33
2021-09-16,USA-06037,Los Angeles,California,1938,1886.43,18.79,27,30.29,0.3
2021-09-17,USA-06037,Los Angeles,California,1705,1842.71,18.36,24,26.86,0.27
2021-09-18,USA-06037,Los Angeles,California,2092,1873.88,18.67,29,28.29,0.28
2021-09-19,USA-06037,Los Angeles,California,1319,1812.22,18.05,21,27.38,0.27
2021-09-20,USA-06037,Los Angeles,California,994,1665.14,16.59,3,23.43,0.23
2021-09-21,USA-06037,Los Angeles,California,1227,1597.86,15.92,18,22.43,0.22
2021-09-22,USA-06037,Los Angeles,California,1712,1569.57,15.63,41,23.29,0.23
2021-09-23,USA-06037,Los Angeles,California,1863,1558.86,15.53,31,23.86,0.24
2021-09-24,USA-06037,Los Angeles,California,1515,1531.71,15.26,30,24.71,0.25
2021-09-25,USA-06037,Los Angeles,California,1555,1455.0,14.49,27,24.43,0.24
2021-09-26,USA-06037,Los Angeles,California,1179,1435.0,14.29,14,23.43,0.23
2021-09-27,USA-06037,Los Angeles,California,983,1433.43,14.28,22,26.14,0.26
2021-09-28,USA-06037,Los Angeles,California,1120,1418.14,14.13,12,25.29,0.25
2021-09-29,USA-06037,Los Angeles,California,1397,1373.14,13.68,31,23.86,0.24
2021-09-30,USA-06037,Los Angeles,California,1510,1322.71,13.18,28,23.43,0.23
2021-10-01,USA-06037,Los Angeles,California,1463,1315.29,13.1,20,22.0,0.22
2021-10-02,USA-06037,Los Angeles,California,1363,1287.86,12.83,17,20.57,0.2
2021-10-03,USA-06037,Los Angeles,California,1026,1266.0,12.61,10,20.0,0.2
2021-10-04,USA-06037,Los Angeles,California,850,1247.0,12.42,26,20.57,0.2
2021-10-05,USA-06037,Los Angeles,California,904,1216.14,12.11,16,21.14,0.21
2021-10-06,USA-06037,Los Angeles,California,1455,1224.43,12.2,31,21.14,0.21
2021-10-07,USA-06037,Los Angeles,California,1202,1180.43,11.76,28,21.14,0.21
2021-10-08,USA-06037,Los Angeles,California,1184,1140.57,11.36,30,22.57,0.22
2021-10-09,USA-06037,Los Angeles,California,1156,1111.0,11.07,24,23.57,0.23
2021-10-10,USA-06037,Los Angeles,California,1039,1112.86,11.09,4,22.71,0.23
2021-10-11,USA-06037,Los Angeles,California,816,1108.0,11.04,26,22.71,0.23
2021-10-12,USA-06037,Los Angeles,California,774,1089.43,10.85,8,21.57,0.21
2021-10-13,USA-06037,Los Angeles,California,991,1023.14,10.19,16,19.43,0.19
2021-10-14,USA-06037,Los Angeles,California,1108,1009.71,10.06,17,17.86,0.18
2021-10-15,USA-06037,Los Angeles,California,1176,1008.57,10.05,19,16.29,0.16
2021-10-16,USA-06037,Los Angeles,California,1097,1000.14,9.96,12,14.57,0.15
2021-10-17,USA-06037,Los Angeles,California,895,979.57,9.76,4,14.57,0.15
2021-10-18,USA-06037,Los Angeles,California,936,996.71,9.93,29,15.0,0.15
2021-10-19,USA-06037,Los Angeles,California,799,1000.29,9.96,3,14.29,0.14
2021-10-20,USA-06037,Los Angeles,California,1235,1035.14,10.31,27,15.86,0.16
2021-10-21,USA-06037,Los Angeles,California,1158,1042.29,10.38,33,18.14,0.18
2021-10-22,USA-06037,Los Angeles,California,1217,1048.14,10.44,21,18.43,0.18
2021-10-23,USA-06037,Los Angeles,California,1161,1057.29,10.53,13,18.57,0.18
2021-10-24,USA-06037,Los Angeles,California,913,1059.86,10.56,9,19.29,0.19
2021-10-25,USA-06037,Los Angeles,California,664,1021.0,10.17,3,15.57,0.16
2021-10-26,USA-06037,Los Angeles,California,845,1027.57,10.24,27,19.0,0.19
2021-10-27,USA-06037,Los Angeles,California,888,978.0,9.74,20,18.0,0.18
2021-10-28,USA-06037,Los Angeles,California,1878,1080.86,10.77,5,14.0,0.14
2021-10-29,USA-06037,Los Angeles,California,1318,1095.29,10.91,22,14.14,0.14
2021-10-30,USA-06037,Los Angeles,California,1408,1130.57,11.26,2,12.57,0.13
2021-10-31,USA-06037,Los Angeles,California,1064,1152.14,11.48,9,12.57,0.13
2021-11-01,USA-06037,Los Angeles,California,949,1192.86,11.88,7,13.14,0.13
2021-11-02,USA-06037,Los Angeles,California,895,1200.0,11.95,17,11.71,0.12
2021-11-03,USA-06037,Los Angeles,California,1579,1298.71,12.94,22,12.0,0.12
2021-11-04,USA-06037,Los Angeles,California,1800,1287.57,12.83,12,13.0,0.13
2021-11-05,USA-06037,Los Angeles,California,1518,1316.14,13.11,24,13.29,0.13
2021-11-06,USA-06037,Los Angeles,California,1616,1345.86,13.41,21,16.0,0.16
2021-11-07,USA-06037,Los Angeles,California,1149,1358.0,13.53,10,16.14,0.16
2021-11-08,USA-06037,Los Angeles,California,988,1363.57,13.58,2,15.43,0.15
2021-11-09,USA-06037,Los Angeles,California,1179,1404.14,13.99,10,14.43,0.14
2021-11-10,USA-06037,Los Angeles,California,1462,1387.43,13.82,34,16.14,0.16
2021-11-11,USA-06037,Los Angeles,California,1431,1334.71,13.3,18,17.0,0.17
2021-11-12,USA-06037,Los Angeles,California,1337,1308.86,13.04,24,17.0,0.17
2021-11-13,USA-06037,Los Angeles,California,1361,1272.43,12.67,18,16.57,0.17
2021-11-14,USA-06037,Los Angeles,California,890,1235.43,12.31,6,16.0,0.16
2021-11-15,USA-06037,Los Angeles,California,823,1211.86,12.07,10,17.14,0.17
2021-11-16,USA-06037,Los Angeles,California,869,1167.57,11.63,31,20.14,0.2
2021-11-17,USA-06037,Los Angeles,California,1266,1139.57,11.35,20,18.14,0.18
2021-11-18,USA-06037,Los Angeles,California,1042,1084.0,10.8,26,19.29,0.19
2021-11-19,USA-06037,Los Angeles,California,1577,1118.29,11.14,24,19.29,0.19
2021-11-20,USA-06037,Los Angeles,California,1831,1185.43,11.81,26,20.43,0.2
2021-11-21,USA-06037,Los Angeles,California,1049,1208.14,12.03,11,21.14,0.21
2021-11-22,USA-06037,Los Angeles,California,723,1193.86,11.89,7,20.71,0.21
2021-11-23,USA-06037,Los Angeles,California,693,1168.71,11.64,29,20.43,0.2
2021-11-24,USA-06037,Los Angeles,California,1343,1179.71,11.75,28,21.57,0.21
2021-11-25,USA-06037,Los Angeles,California,0,1179.71,11.75,0,21.57,0.21
2021-11-26,USA-06037,Los Angeles,California,1754,1056.14,10.52,28,18.43,0.18
2021-11-27,USA-06037,Los Angeles,California,618,882.86,8.79,19,17.43,0.17
2021-11-28,USA-06037,Los Angeles,California,574,815.0,8.12,7,16.86,0.17
2021-11-29,USA-06037,Los Angeles,California,786,824.0,8.21,10,17.29,0.17
2021-11-30,USA-06037,Los Angeles,California,860,847.86,8.45,28,17.14,0.17
2021-12-01,USA-06037,Los Angeles,California,1454,863.71,8.6,18,15.71,0.16
2021-12-02,USA-06037,Los Angeles,California,1940,998.25,9.94,24,16.75,0.17
2021-12-03,USA-06037,Los Angeles,California,1904,1162.29,11.58,17,17.57,0.18
2021-12-04,USA-06037,Los Angeles,California,2290,1401.14,13.96,19,17.57,0.18
2021-12-05,USA-06037,Los Angeles,California,1631,1552.14,15.46,2,16.86,0.17
2021-12-06,USA-06037,Los Angeles,California,1099,1596.86,15.91,2,15.71,0.16
2021-12-07,USA-06037,Los Angeles,California,1001,1617.0,16.11,14,13.71,0.14
2021-12-08,USA-06037,Los Angeles,California,1749,1659.14,16.53,13,13.0,0.13
2021-12-09,USA-06037,Los Angeles,California,1686,1622.86,16.17,13,11.43,0.11
2021-12-10,USA-06037,Los Angeles,California,1898,1622.0,16.16,16,11.29,0.11
2021-12-11,USA-06037,Los Angeles,California,1799,1551.86,15.46,21,11.57,0.12
2021-12-12,USA-06037,Los Angeles,California,1459,1527.29,15.21,5,12.0,0.12
2021-12-13,USA-06037,Los Angeles,California,1115,1529.57,15.24,11,13.29,0.13
2021-12-14,USA-06037,Los Angeles,California,1139,1549.29,15.43,11,12.86,0.13
2021-12-15,USA-06037,Los Angeles,California,1821,1559.57,15.53,17,13.43,0.13
2021-12-16,USA-06037,Los Angeles,California,2249,1640.0,16.34,19,14.29,0.14
2021-12-17,USA-06037,Los Angeles,California,3319,1843.0,18.36,25,15.57,0.16
2021-12-18,USA-06037,Los Angeles,California,3692,2113.43,21.05,19,15.29,0.15
2021-12-19,USA-06037,Los Angeles,California,3502,2405.29,23.96,9,15.86,0.16
2021-12-20,USA-06037,Los Angeles,California,3254,2710.86,27.0,7,15.29,0.15
2021-12-21,USA-06037,Los Angeles,California,3097,2990.57,29.79,25,17.29,0.17
2021-12-22,USA-06037,Los Angeles,California,6472,3655.0,36.41,15,17.0,0.17
2021-12-23,USA-06037,Los Angeles,California,8611,4563.86,45.46,24,17.71,0.18
2021-12-24,USA-06037,Los Angeles,California,9926,5507.71,54.86,21,17.14,0.17
2021-12-25,USA-06037,Los Angeles,California,0,5507.71,54.86,0,17.14,0.17
2021-12-26,USA-06037,Los Angeles,California,20794,7450.57,74.22,13,15.0,0.15
2021-12-27,USA-06037,Los Angeles,California,7409,8044.14,80.13,9,15.29,0.15
2021-12-28,USA-06037,Los Angeles,California,9451,8951.86,89.17,21,14.71,0.15
2021-12-29,USA-06037,Los Angeles,California,16483,10382.0,103.42,25,16.14,0.16
2021-12-30,USA-06037,Los Angeles,California,20169,12033.14,119.86,24,16.14,0.16
2021-12-31,USA-06037,Los Angeles,California,27037,14477.57,144.21,12,14.86,0.15
2022-01-01,USA-06037,Los Angeles,California,0,14477.57,144.21,0,14.86,0.15
2022-01-02,USA-06037,Los Angeles,California,44710,17894.14,178.24,3,13.43,0.13
2022-01-03,USA-06037,Los Angeles,California,16230,19154.29,190.8,7,13.14,0.13
2022-01-04,USA-06037,Los Angeles,California,22632,21037.29,209.55,24,13.57,0.14
2022-01-05,USA-06037,Los Angeles,California,26674,22493.14,224.06,27,13.86,0.14
2022-01-06,USA-06037,Los Angeles,California,37094,24911.0,248.14,30,14.71,0.15
2022-01-07,USA-06037,Los Angeles,California,43604,27277.71,271.71,28,17.0,0.17
2022-01-08,USA-06037,Los Angeles,California,34364,28163.5,280.54,16,16.88,0.17
2022-01-09,USA-06037,Los Angeles,California,45553,32307.29,321.81,13,20.71,0.21
2022-01-10,USA-06037,Los Angeles,California,43521,36206.0,360.65,13,21.57,0.21
2022-01-11,USA-06037,Los Angeles,California,35244,38007.71,378.6,14,20.14,0.2
2022-01-12,USA-06037,Los Angeles,California,40373,39964.71,398.09,38,21.71,0.22
2022-01-13,USA-06037,Los Angeles,California,44942,41085.86,409.26,135,36.71,0.37
2022-01-14,USA-06037,Los Angeles,California,40485,40640.29,404.82,0,36.71,0.37
2022-01-15,USA-06037,Los Angeles,California,41656,41682.0,415.2,23,33.71,0.34
2022-01-16,USA-06037,Los Angeles,California,43838,41437.0,412.76,51,39.14,0.39
2022-01-17,USA-06037,Los Angeles,California,31543,39725.86,395.71,27,41.14,0.41
2022-01-18,USA-06037,Los Angeles,California,22523,37908.57,377.61,36,44.29,0.44
2022-01-19,USA-06037,Los Angeles,California,32253,36748.57,366.05,59,47.29,0.47
2022-01-20,USA-06037,Los Angeles,California,41900,36314.0,361.73,101,42.43,0.42
2022-01-21,USA-06037,Los Angeles,California,43023,36676.57,365.34,64,45.13,0.45
2022-01-22,USA-06037,Los Angeles,California,39053,36304.71,361.63,71,58.43,0.58
2022-01-23,USA-06037,Los Angeles,California,26300,33799.29,336.68,63,60.14,0.6
2022-01-24,USA-06037,Los Angeles,California,25681,32961.86,328.33,27,60.14,0.6
2022-01-25,USA-06037,Los Angeles,California,20297,32643.86,325.17,33,59.71,0.59
2022-01-26,USA-06037,Los Angeles,California,20693,30992.43,308.72,90,64.14,0.64
2022-01-27,USA-06037,Los Angeles,California,25971,28716.86,286.05,85,61.86,0.62
2022-01-28,USA-06037,Los Angeles,California,23646,25948.71,258.48,101,67.14,0.67
2022-01-29,USA-06037,Los Angeles,California,21609,23456.71,233.65,70,67.0,0.67
2022-01-30,USA-06037,Los Angeles,California,16757,22093.43,220.07,37,63.29,0.63
2022-01-31,USA-06037,Los Angeles,California,10663,19948.0,198.7,40,65.14,0.65
2022-02-01,USA-06037,Los Angeles,California,8680,18288.43,182.17,35,65.43,0.65
2022-02-02,USA-06037,Los Angeles,California,15550,17553.71,174.85,101,67.0,0.67
2022-02-03,USA-06037,Los Angeles,California,11432,15476.71,154.16,96,68.57,0.68
2022-02-04,USA-06037,Los Angeles,California,15286,14282.43,142.27,85,66.29,0.66
2022-02-05,USA-06037,Los Angeles,California,9854,12603.14,125.54,84,68.29,0.68
2022-02-06,USA-06037,Los Angeles,California,6943,11201.14,111.58,64,72.14,0.72
2022-02-07,USA-06037,Los Angeles,California,4250,10285.0,102.45,29,70.57,0.7
2022-02-08,USA-06037,Los Angeles,California,4279,9656.29,96.19,49,72.57,0.72
2022-02-09,USA-06037,Los Angeles,California,5012,8150.86,81.19,103,72.86,0.73
2022-02-10,USA-06037,Los Angeles,California,6166,7398.57,73.7,81,70.71,0.7
2022-02-11,USA-06037,Los Angeles,California,5532,6005.14,59.82,74,69.14,0.69
2022-02-12,USA-06037,Los Angeles,California,4660,5263.14,52.43,82,68.86,0.69
2022-02-13,USA-06037,Los Angeles,California,4812,4958.71,49.39,56,67.71,0.67
2022-02-14,USA-06037,Los Angeles,California,2203,4666.29,46.48,26,67.29,0.67
2022-02-15,USA-06037,Los Angeles,California,2088,4353.29,43.36,52,67.71,0.67
2022-02-16,USA-06037,Los Angeles,California,3211,4096.0,40.8,101,67.43,0.67
2022-02-17,USA-06037,Los Angeles,California,3197,3671.86,36.58,65,65.14,0.65
2022-02-18,USA-06037,Los Angeles,California,4596,3538.14,35.24,70,64.57,0.64
2022-02-19,USA-06037,Los Angeles,California,3158,3323.57,33.11,84,64.86,0.65
2022-02-20,USA-06037,Los Angeles,California,2630,3011.86,30.0,56,64.86,0.65
2022-02-21,USA-06037,Los Angeles,California,1323,2886.14,28.75,20,64.0,0.64
2022-02-22,USA-06037,Los Angeles,California,1173,2755.43,27.45,35,61.57,0.61
2022-02-23,USA-06037,Los Angeles,California,1910,2569.57,25.6,36,52.29,0.52
2022-02-24,USA-06037,Los Angeles,California,1933,2389.0,23.8,72,53.29,0.53
2022-02-25,USA-06037,Los Angeles,California,2338,2066.43,20.58,68,53.0,0.53
2022-02-26,USA-06037,Los Angeles,California,2146,1921.86,19.14,63,50.0,0.5
2022-02-27,USA-06037,Los Angeles,California,0,1921.86,19.14,0,50.0,0.5
2022-02-28,USA-06037,Los Angeles,California,2784,1754.86,17.48,66,48.57,0.48
2022-03-01,USA-06037,Los Angeles,California,1068,1739.86,17.33,57,51.71,0.52
2022-03-02,USA-06037,Los Angeles,California,1541,1687.14,16.81,80,58.0,0.58
2022-03-03,USA-06037,Los Angeles,California,1572,1635.57,16.29,58,56.0,0.56
2022-03-04,USA-06037,Los Angeles,California,1382,1499.0,14.93,46,52.86,0.53
2022-03-05,USA-06037,Los Angeles,California,1353,1385.71,13.8,48,50.71,0.51
2022-03-06,USA-06037,Los Angeles,California,0,1385.71,13.8,0,50.71,0.51
2022-03-07,USA-06037,Los Angeles,California,1643,1222.71,12.18,41,47.14,0.47
2022-03-08,USA-06037,Los Angeles,California,830,1188.71,11.84,38,44.43,0.44
2022-03-09,USA-06037,Los Angeles,California,1108,1126.86,11.22,54,40.71,0.41
2022-03-10,USA-06037,Los Angeles,California,1352,1095.43,10.91,40,38.14,0.38
2022-03-11,USA-06037,Los Angeles,California,1899,1169.29,11.65,47,38.29,0.38
2022-03-12,USA-06037,Los Angeles,California,1556,1198.29,11.94,50,38.57,0.38
2022-03-13,USA-06037,Los Angeles,California,0,1198.29,11.94,0,38.57,0.38
2022-03-14,USA-06037,Los Angeles,California,1825,1224.29,12.2,40,38.43,0.38
2022-03-15,USA-06037,Los Angeles,California,720,1208.57,12.04,28,37.0,0.37
2022-03-16,USA-06037,Los Angeles,California,970,1188.86,11.84,29,33.43,0.33
2022-03-17,USA-06037,Los Angeles,California,1811,1254.43,12.5,36,32.86,0.33
2022-03-18,USA-06037,Los Angeles,California,2969,1114.29,11.1,35,31.14,0.31
2022-03-19,USA-06037,Los Angeles,California,3195,988.86,9.85,19,26.71,0.27
2022-03-20,USA-06037,Los Angeles,California,0,988.86,9.85,0,26.71,0.27
2022-03-21,USA-06037,Los Angeles,California,2069,1023.71,10.2,29,25.14,0.25
2022-03-22,USA-06037,Los Angeles,California,654,1014.29,10.1,17,23.57,0.23
2022-03-23,USA-06037,Los Angeles,California,851,997.29,9.93,27,23.29,0.23
2022-03-24,USA-06037,Los Angeles,California,874,863.43,8.6,26,21.86,0.22
2022-03-25,USA-06037,Los Angeles,California,1289,916.43,9.13,15,19.0,0.19
2022-03-26,USA-06037,Los Angeles,California,957,956.29,9.53,18,18.86,0.19
2022-03-27,USA-06037,Los Angeles,California,0,956.29,9.53,0,18.86,0.19
2022-03-28,USA-06037,Los Angeles,California,1055,811.43,8.08,25,18.29,0.18
2022-03-29,USA-06037,Los Angeles,California,552,796.86,7.94,7,16.86,0.17
2022-03-30,USA-06037,Los Angeles,California,1051,825.43,8.22,29,17.14,0.17
2022-03-31,USA-06037,Los Angeles,California,500,772.0,7.69,14,15.43,0.15
2022-04-01,USA-06037,Los Angeles,California,1111,746.57,7.44,14,15.29,0.15
2022-04-02,USA-06037,Los Angeles,California,0,746.57,7.44,0,15.29,0.15
2022-04-03,USA-06037,Los Angeles,California,0,746.57,7.44,0,15.29,0.15
2022-04-04,USA-06037,Los Angeles,California,2288,786.0,7.83,27,13.0,0.13
2022-04-05,USA-06037,Los Angeles,California,825,825.0,8.22,12,13.71,0.14
2022-04-06,USA-06037,Los Angeles,California,1012,819.43,8.16,17,12.0,0.12
2022-04-07,USA-06037,Los Angeles,California,1038,896.29,8.93,15,12.14,0.12
2022-04-08,USA-06037,Los Angeles,California,4119,1326.0,13.21,16,12.43,0.12
2022-04-09,USA-06037,Los Angeles,California,0,1326.0,13.21,0,12.43,0.12
2022-04-10,USA-06037,Los Angeles,California,0,1326.0,13.21,0,12.43,0.12
